index,id,prompt,expected,constrained_gbnf,constrained_run,constrained_correct,unconstrained_gbnf,unconstrained_run,unconstrained_correct
0,sum-2-3,"Write an AINL program that prints the sum of 2 and 3. Respond with only the AINL program — no explanation, no markdown, no code fences.",5,True,False,False,False,False,False
1,print-42,"Write an AINL program that prints the number 42. Respond with only the AINL program — no explanation, no markdown, no code fences.",42,True,False,False,False,False,False
2,hello,"Write an AINL program that prints the string ""hello, world"". Respond with only the AINL program — no explanation, no markdown, no code fences.","hello, world",True,False,False,False,False,False
3,sq-12,"Write an AINL program that defines a function sq that squares its argument, then prints (sq 12). Respond with only the AINL program — no explanation, no markdown, no code fences.",144,True,False,False,False,False,False
4,fib-10,"Write an AINL program that computes and prints the 10th fibonacci number (fib 0 = 0, fib 1 = 1). Respond with only the AINL program — no explanation, no markdown, no code fences.",55,True,False,False,False,False,False
5,fact-5,"Write an AINL program that defines a function fact that computes the factorial of n, then prints (fact 5). Respond with only the AINL program — no explanation, no markdown, no code fences.",120,True,False,False,False,False,False
6,max2-7-9,"Write an AINL program that defines a function max2 that returns the larger of two numbers, then prints (max2 7 9). Respond with only the AINL program — no explanation, no markdown, no code fences.",9,False,False,False,False,False,False
7,len-5,"Write an AINL program that prints the length of the list (list 1 2 3 4 5). Respond with only the AINL program — no explanation, no markdown, no code fences.",5,True,False,False,False,False,False
8,first-10,"Write an AINL program that prints the first element of the list (list 10 20 30). Respond with only the AINL program — no explanation, no markdown, no code fences.",10,True,False,False,False,False,False
9,double-1-2-3,"Write an AINL program that defines a function that doubles each element of a list, then prints it applied to (list 1 2 3). Respond with only the AINL program — no explanation, no markdown, no code fences.",(2 4 6),True,False,False,False,True,False
10,map-ada,"Write an AINL program that builds a map with key ""name"" bound to ""Ada"", then prints (get user ""name""). Respond with only the AINL program — no explanation, no markdown, no code fences.",Ada,True,False,False,False,False,False
11,last-1-2-3-4,"Write an AINL program that defines a function that returns the last element of a list, then prints it for (list 1 2 3 4). Respond with only the AINL program — no explanation, no markdown, no code fences.",4,False,True,False,False,False,False
