index,prompt,constrained_gbnf,constrained_parse,constrained_run,unconstrained_gbnf,unconstrained_parse,unconstrained_run
0,Print the sum of 2 and 3.,True,True,False,False,True,False
1,"Define a function sq that squares its argument, then print (sq 12).",True,True,False,False,True,False
2,"Compute and print the 10th fibonacci number (fib 0 = 0, fib 1 = 1).",True,True,False,False,True,False
3,Print the sum of the list (list 1 2 3 4 5).,True,True,False,False,True,False
4,"Define a function that doubles each element of a list, then print it applied to (list 1 2 3).",True,True,False,False,True,False
5,"Print the string ""hello, world"".",True,True,False,False,True,False
6,Print the length of the list (list 1 2 3 4 5).,True,True,False,False,True,False
7,Print the first element of the list (list 10 20 30).,True,True,False,False,True,False
8,"Define a function fact that computes the factorial of n, then print (fact 5).",True,True,False,False,True,False
9,"Print true if the number 4 is even, else print false.",True,True,False,False,True,False
10,"Define a function max2 that returns the larger of two numbers, then print (max2 7 9).",True,True,False,False,True,False
11,Print the product of the list (list 1 2 3 4).,True,True,False,False,True,False
12,"Define a function that reverses a list, then print it applied to (list 1 2 3).",True,True,False,False,True,False
13,Print the sum of the first five natural numbers (1 + 2 + 3 + 4 + 5).,True,True,False,False,True,False
14,"Define a function that counts how many elements a list has, then print it for (list 1 2 3 4 5 6).",True,True,False,False,True,False
15,"Build a map with key ""name"" bound to ""Ada"", then print (get user ""name"").",True,True,False,False,True,False
16,"Print the keys of the map (hash ""a"" 1 ""b"" 2).",True,True,False,False,True,False
17,Print the remainder of 10 divided by 3.,True,True,False,False,True,False
18,"Define a function that returns the last element of a list, then print it for (list 1 2 3 4).",True,True,False,False,True,False
19,Print the number 42.,True,True,False,False,True,False
